lat,lon,uv_month_1,uv_month_2,uv_month_3,uv_month_4,uv_month_5,uv_month_6,uv_month_7,uv_month_8,uv_month_9,uv_month_10,uv_month_11,uv_month_12
19.56,1.82,1.435960729312763,1.7746995377503851,2.2323001402524545,2.507782608695652,2.520140252454418,2.402507246376812,2.4818653576437586,2.4307152875175313,2.2568840579710145,1.9160448807854136,1.5614782608695654,1.3191444600280504
19.56,2.82,1.4542215988779803,1.7832203389830508,2.2259186535764375,2.5250289855072463,2.5413183730715287,2.4167391304347827,2.5006451612903224,2.453352033660589,2.2666231884057972,1.920070126227209,1.5685362318840579,1.3291444600280504
19.56,3.82,1.4208415147265079,1.7432819722650232,2.1700420757363252,2.476927536231884,2.524726507713885,2.4156231884057973,2.5250350631136045,2.4858765778401124,2.277072463768116,1.8866619915848528,1.5408260869565218,1.3102103786816268
19.56,4.82,1.4635203366058906,1.8085516178736518,2.2064796633941093,2.4600579710144928,2.558373071528752,2.4362753623188405,2.525736325385694,2.506479663394109,2.3053333333333335,1.9169705469845721,1.5777826086956523,1.3692286115007013
19.56,5.82,1.4715287517531557,1.8445608628659473,2.2060168302945304,2.4639565217391306,2.528471248246844,2.3968840579710142,2.544754558204769,2.5471528751753154,2.324130434782609,1.9040673211781205,1.5880289855072465,1.377741935483871
19.56,6.82,1.4643057503506312,1.8552234206471494,2.2003786816269284,2.486782608695652,2.5101683029453015,2.4347826086956523,2.568892005610098,2.5388779803646564,2.335826086956522,1.9171107994389902,1.5808840579710144,1.3840112201963535
20.56,0.82,1.346914446002805,1.679738058551618,2.1127910238429175,2.4052173913043475,2.4462131837307153,2.3729130434782606,2.4412622720897614,2.4036605890603084,2.1788985507246377,1.8086535764375875,1.459623188405797,1.2376157082748946
20.56,1.82,1.33984572230014,1.6704160246533126,2.1394389901823283,2.452782608695652,2.4961150070126226,2.4018405797101448,2.487138849929874,2.434852734922861,2.21631884057971,1.8373071528751752,1.4821884057971015,1.2456381486676016
20.56,2.82,1.3557784011220195,1.6973343605546996,2.1800280504908836,2.475,2.5144179523141656,2.4283333333333332,2.500224403927069,2.436030855539972,2.2244202898550722,1.8617110799438992,1.495231884057971,1.2466900420757363
20.56,3.82,1.3601122019635343,1.6841602465331278,2.1856661991584856,2.4523623188405796,2.529579242636746,2.43331884057971,2.540140252454418,2.4868162692847124,2.2437391304347827,1.8483870967741938,1.4905652173913044,1.2458064516129033
20.56,4.82,1.3828471248246845,1.7317103235747304,2.1869985974754558,2.451753623188406,2.533618513323983,2.423826086956522,2.5305329593267882,2.493309957924264,2.249768115942029,1.857194950911641,1.5199420289855072,1.2654698457223001
20.56,5.82,1.3946984572230015,1.767673343605547,2.189256661991585,2.466391304347826,2.5135483870967743,2.4061884057971015,2.5587517531556805,2.526535764375877,2.260333333333333,1.859789621318373,1.520391304347826,1.2854277699859746
20.56,6.82,1.375203366058906,1.7455624036979966,2.166493688639551,2.4514202898550725,2.4962973352033657,2.412144927536232,2.5545582047685835,2.514165497896213,2.2688260869565218,1.8717812061711079,1.5188695652173914,1.2798877980364656
20.56,7.82,1.3724403927068722,1.7148228043143299,2.1891164095371667,2.426405797101449,2.534179523141655,2.507942028985507,2.6436185133239833,2.557798036465638,2.3033768115942026,1.8712201963534363,1.5264927536231883,1.276030855539972
21.56,-0.18,1.2927068723702666,1.6129121725731894,2.003029453015428,2.3724927536231886,2.4424824684431976,2.40136231884058,2.4285974754558204,2.3290042075736324,2.113289855072464,1.7659607293127628,1.3903043478260868,1.1603225806451611
21.56,0.82,1.3025946704067322,1.6411710323574729,2.0702244039270687,2.3994782608695653,2.459523141654979,2.3958260869565216,2.429130434782609,2.3413884992987377,2.129289855072464,1.7807854137447405,1.4012463768115941,1.1730434782608696
21.56,1.82,1.3059467040673212,1.6548228043143298,2.108849929873773,2.4501159420289853,2.501654978962132,2.4294347826086957,2.477475455820477,2.3581346423562413,2.159942028985507,1.8020336605890601,1.4417826086956522,1.1839831697054697
21.56,2.82,1.2990603085553998,1.6541294298921416,2.124866760168303,2.465768115942029,2.4992987377279103,2.440550724637681,2.4880364656381486,2.3748106591865357,2.156,1.8062692847124824,1.4226521739130435,1.1944039270687237
21.56,3.82,1.3415007012622722,1.6897996918335902,2.1500280504908837,2.4830289855072465,2.525343618513324,2.457695652173913,2.558232819074334,2.4707152875175313,2.2114927536231885,1.8221178120617112,1.466217391304348,1.2402664796633942
21.56,4.82,1.3428471248246845,1.7418798151001542,2.229438990182328,2.5406666666666666,2.5599579242636747,2.477072463768116,2.5608695652173914,2.4642356241234222,2.219014492753623,1.8428892005610098,1.4714347826086955,1.2359186535764377
21.56,5.82,1.32726507713885,1.6807550077041602,2.1967461430575033,2.4675797101449275,2.5404488078541374,2.492304347826087,2.6271669004207574,2.5400280504908834,2.2438115942028984,1.8306591865357644,1.4586521739130436,1.2072650771388498
21.56,6.82,1.3336044880785414,1.6741756548536209,2.151570827489481,2.443536231884058,2.517208976157083,2.495405797101449,2.6164796633941094,2.5357924263674616,2.2513043478260872,1.8200280504908837,1.4531449275362318,1.2097615708274896
21.56,7.82,1.3454277699859747,1.7040061633281973,2.1919354838709677,2.473231884057971,2.553758765778401,2.561521739130435,2.717938288920056,2.6008835904628334,2.2984057971014495,1.8530995792426368,1.47231884057971,1.2293408134642356
21.56,8.82,1.3910518934081346,1.7755161787365177,2.210813464235624,2.492768115942029,2.5950350631136043,2.5963623188405798,2.797938288920056,2.6521458625525947,2.3465652173913045,1.9062692847124825,1.505768115942029,1.2742636746143057
21.56,9.82,1.416297335203366,1.7958859784283512,2.2255820476858346,2.4898550724637682,2.582454417952314,2.6257101449275364,2.814123422159888,2.676647966339411,2.330405797101449,1.922875175315568,1.5157246376811593,1.2877419354838708
22.56,-2.18,1.1755119214586256,1.4926040061633283,1.8963394109396914,2.278449275362319,2.368948106591865,2.3438985507246377,2.3781065918653574,2.271500701262272,2.0220434782608696,1.6823001402524544,1.304449275362319,1.0745301542777
22.56,-1.18,1.2207293127629733,1.5584591679506934,1.930617110799439,2.328521739130435,2.424319775596073,2.38368115942029,2.4286676016830295,2.290336605890603,2.042510885341074,1.7202244039270687,1.3042173913043478,1.0739831697054698
22.56,-0.18,1.2252875175315567,1.5627580893682589,1.9960168302945303,2.3511739130434783,2.4577138849929874,2.415391304347826,2.4330014025245443,2.29765778401122,2.0807101449275365,1.7384011220196354,1.3239710144927537,1.0930855539971949
22.56,0.82,1.2217952314165497,1.5644530046224963,1.9838709677419355,2.3643333333333336,2.4540112201963535,2.416217391304348,2.4415988779803643,2.3169985974754557,2.09431884057971,1.740813464235624,1.339536231884058,1.09781206171108
22.56,1.82,1.202398316970547,1.5264560862865948,1.9603927068723703,2.3427826086956522,2.4621037868162694,2.433478260869565,2.487054698457223,2.338892005610098,2.1122898550724636,1.7330434782608697,1.3400724637681158,1.0910098176718093
22.56,2.82,1.2183450210378681,1.5451155624036979,1.962258064516129,2.340217391304348,2.4531977559607294,2.3922463768115945,2.450827489481066,2.3379663394109396,2.110246376811594,1.7368443197755958,1.3395507246376812,1.1119354838709676
22.56,3.82,1.2219354838709677,1.6009090909090908,2.0612762973352035,2.399057971014493,2.5051192145862555,2.4537391304347826,2.555189340813464,2.4327910238429173,2.1660724637681157,1.7536605890603083,1.3600579710144929,1.123422159887798
22.56,4.82,1.2705189340813463,1.6052696456086286,2.020743338008415,2.394724637681159,2.5196774193548386,2.4632028985507244,2.5742075736325387,2.436100981767181,2.19395652173913,1.7964235624123421,1.3971449275362318,1.1606591865357643
22.56,5.82,1.3163674614305751,1.6763328197226504,2.146690042075736,2.4534202898550723,2.561921458625526,2.5226086956521736,2.6648948106591863,2.520953716690042,2.2691739130434785,1.8536746143057505,1.4416521739130435,1.1903786816269284
22.56,6.82,1.2974474053295932,1.6591063174114022,2.1373071528751755,2.4462608695652177,2.541711079943899,2.5147826086956524,2.6477980364656384,2.5199719495091166,2.2480434782608696,1.8233660589060308,1.4383333333333335,1.1849649368863955
22.56,7.82,1.2686115007012622,1.62326656394453,2.122524544179523,2.4074927536231887,2.546437587657784,2.5772173913043477,2.734361851332398,2.579817671809257,2.2673478260869566,1.8194950911640952,1.4083478260869564,1.1549789621318374
22.56,8.82,1.3195091164095372,1.6693528505392914,2.11929873772791,2.4080579710144927,2.5593408134642357,2.593536231884058,2.763015427769986,2.6198316970546984,2.283144927536232,1.8264235624123422,1.405304347826087,1.1903085553997195
22.56,9.82,1.3317952314165498,1.6929738058551618,2.1446143057503506,2.427101449275362,2.554460028050491,2.6153623188405795,2.8224964936886394,2.630883590462833,2.264130434782609,1.8592987377279104,1.430072463768116,1.219326788218794
22.56,10.82,1.3455820476858344,1.7184283513097072,2.1616129032258065,2.4239565217391306,2.550266479663394,2.65936231884058,2.815946704067321,2.630813464235624,2.2994202898550724,1.8573352033660588,1.4567246376811593,1.2245021037868162
23.56,-3.18,1.0820056100981768,1.3750077041602464,1.7899158485273492,2.2130869565217393,2.3352454417952315,2.3689710144927534,2.3613323983169705,2.2649649368863956,2.000797101449275,1.6257503506311362,1.2474202898550726,0.9740532959326789
23.56,-2.18,1.1214866760168303,1.4396147919876732,1.837208976157083,2.2426521739130436,2.340266479663394,2.391942028985507,2.400841514726508,2.2791865357643757,1.9994484760522495,1.6444740532959328,1.2658260869565217,1.0079663394109397
23.56,-1.18,1.1434502103786817,1.4842681047765793,1.8790603085553996,2.287405797101449,2.3846844319775595,2.408985507246377,2.4274193548387095,2.2760448807854137,2.024521739130435,1.6689481065918654,1.2741449275362318,1.0203927068723702
23.56,-0.18,1.1674754558204767,1.5218489984591679,1.939719495091164,2.279608695652174,2.4076998597475456,2.4337536231884056,2.447587657784011,2.2888639551192145,2.066898550724638,1.6844600280504909,1.2688985507246375,1.0399859747545581
23.56,0.82,1.160827489481066,1.4902773497688753,1.8946283309957923,2.2798695652173913,2.41109396914446,2.4432898550724635,2.4332258064516132,2.2820757363253854,2.0617971014492755,1.6867180925666196,1.2804347826086957,1.0357363253856944
23.56,1.82,1.144389901823282,1.476979969183359,1.9338569424964935,2.305072463768116,2.450743338008415,2.451173913043478,2.500981767180926,2.3141514726507713,2.076898550724638,1.7021598877980366,1.290086956521739,1.044446002805049
23.56,2.82,1.1407293127629734,1.4736517719568567,1.9309537166900421,2.304608695652174,2.425848527349229,2.4311739130434784,2.4827769985974757,2.3276157082748945,2.0855072463768116,1.6913464235624125,1.2879420289855072,1.043492286115007
23.56,3.82,1.156984572230014,1.5322804314329739,2.0013183730715287,2.333028985507246,2.4927208976157083,2.4996521739130433,2.605736325385694,2.4394670406732115,2.160347826086957,1.7202524544179523,1.309536231884058,1.0622300140252454
23.56,4.82,1.2124263674614306,1.5560862865947611,1.9910518934081345,2.361057971014493,2.4969144460028048,2.5207391304347824,2.6212622720897616,2.454431977559607,2.1770724637681163,1.757671809256662,1.3460144927536233,1.1065638148667603
23.56,5.82,1.26945301542777,1.6473497688751928,2.141318373071529,2.478217391304348,2.591612903225806,2.596594202898551,2.7302524544179523,2.52507713884993,2.227985507246377,1.8261290322580646,1.407449275362319,1.1560028050490885
23.56,6.82,1.2849088359046283,1.66673343605547,2.1360729312762974,2.4789565217391303,2.5640392706872372,2.6024927536231885,2.790014025245442,2.5774474053295933,2.2575217391304347,1.8301963534361851,1.4116666666666666,1.1655960729312764
23.56,7.82,1.2582748948106592,1.6286286594761172,2.1190743338008415,2.4556376811594203,2.5683870967741935,2.621840579710145,2.8122019635343616,2.6078260869565217,2.267826086956522,1.8244600280504908,1.3872028985507245,1.1432678821879383
23.56,8.82,1.2125666199158487,1.5571186440677967,2.038779803646564,2.3737826086956524,2.524796633941094,2.6134782608695653,2.830757363253857,2.6296353436185136,2.2442898550724637,1.7781486676016829,1.3498985507246377,1.1107994389901823
23.56,9.82,1.2531697054698456,1.6108628659476119,2.1017952314165496,2.400623188405797,2.541584852734923,2.650333333333333,2.8746563814866763,2.6528892005610096,2.2537971014492753,1.8081907433380084,1.3589855072463768,1.1317671809256662
23.56,10.82,1.2553856942496495,1.61959938366718,2.0531416549789623,2.337217391304348,2.510532959326788,2.611565217391304,2.806647966339411,2.654782608695652,2.278826086956522,1.794235624123422,1.3635507246376812,1.1389200561009818
23.56,11.82,1.2600280504908836,1.6378120184899847,2.073870967741936,2.3739420289855073,2.520967741935484,2.633695652173913,2.8413604488078543,2.683688639551192,2.358405797101449,1.836704067321178,1.38131884057971,1.1409396914446004
24.56,-5.18,1.0272510518934082,1.344191063174114,1.748415147265077,2.149942028985507,2.3009116409537165,2.3442608695652174,2.315413744740533,2.2230294530154278,1.9224782608695652,1.5689621318373073,1.1621014492753623,0.92328190743338
24.56,-4.18,1.043899018232819,1.343959938366718,1.7661991584852734,2.1470434782608696,2.2936465638148666,2.3519130434782607,2.3447545582047686,2.237517531556802,1.94268115942029,1.5788359046283311,1.2019275362318842,0.9190883590462834
24.56,-3.18,1.0251051893408134,1.3232203389830508,1.7544740532959326,2.162231884057971,2.3099579242636747,2.3870724637681158,2.3700140252454416,2.2454978962131835,1.9557826086956522,1.5913464235624124,1.2077971014492754,0.943618513323983
24.56,-2.18,1.0414586255259466,1.3553929121725732,1.7604347826086957,2.173260869565217,2.3088920056100983,2.399840579710145,2.3907152875175313,2.2500561009817672,1.9594049346879536,1.5903366058906032,1.1934347826086957,0.9337447405329593
24.56,-1.18,1.0523141654978962,1.3973651771956856,1.7933520336605893,2.196695652173913,2.3298597475455822,2.3999565217391305,2.39218793828892,2.2589340813464234,1.958867924528302,1.5950490883590462,1.2008985507246377,0.9511500701262271
24.56,-0.18,1.090350631136045,1.4394915254237288,1.8520056100981768,2.2232173913043476,2.363604488078541,2.4341884057971015,2.427868162692847,2.2490883590462833,2.0049565217391305,1.649200561009818,1.2071304347826086,0.9758064516129032
24.56,0.82,1.0727068723702666,1.4053158705701079,1.7906451612903227,2.162086956521739,2.3186535764375877,2.3831594202898554,2.4080504908835905,2.2233800841514726,1.9850434782608697,1.5949929873772792,1.1950289855072465,0.9633239831697055
24.56,1.82,1.0955539971949508,1.4185516178736517,1.843071528751753,2.206623188405797,2.36179523141655,2.388376811594203,2.4236605890603085,2.2444740532959324,2.0110740203193034,1.6269985974754557,1.2239130434782608,0.9869004207573632
24.56,2.82,1.0914586255259469,1.4092604006163327,1.8337307152875175,2.212666666666667,2.3811500701262274,2.3965797101449278,2.444572230014025,2.264249649368864,2.023724637681159,1.637671809256662,1.2235942028985507,0.9842215988779803
24.56,3.82,1.1244179523141655,1.4648228043143297,1.922819074333801,2.3010869565217393,2.42969144460028,2.4647536231884057,2.563478260869565,2.3845582047685836,2.1065507246376813,1.677671809256662,1.2540579710144928,1.0114446002805049
24.56,4.82,1.1402524544179524,1.4899383667180277,1.9753295932678823,2.3491014492753624,2.4573211781206172,2.4969565217391305,2.6081486676016827,2.4209256661991585,2.1289565217391306,1.7044880785413745,1.283536231884058,1.0295792426367463
24.56,5.82,1.161514726507714,1.5087057010785825,1.9409116409537166,2.286608695652174,2.465834502103787,2.5501159420289854,2.7087377279102385,2.5238849929873775,2.213057971014493,1.7349789621318372,1.301072463768116,1.051234221598878
24.56,6.82,1.182819074333801,1.53115562403698,1.9928050490883589,2.3838260869565215,2.5410799438990184,2.600840579710145,2.746058906030856,2.5398457223001403,2.1945652173913044,1.7460729312762975,1.3176521739130433,1.0677279102384292
24.56,7.82,1.1810098176718091,1.5414483821263483,2.0088639551192147,2.374420289855072,2.533057503506311,2.60668115942029,2.7992005610098176,2.5696072931276297,2.2478695652173912,1.7565497896213185,1.3119565217391305,1.057952314165498
24.56,8.82,1.1727068723702665,1.5440832049306625,1.9912482468443198,2.301173913043478,2.4879943899018233,2.610826086956522,2.8247545582047686,2.6202384291725105,2.270478260869565,1.769985974754558,1.3096521739130433,1.0565217391304347
24.56,9.82,1.1798036465638149,1.5666101694915255,1.9858625525946705,2.28868115942029,2.4686676016830296,2.592550724637681,2.7898457223001403,2.5928471248246847,2.2550289855072463,1.7585974754558207,1.3215072463768116,1.0609396914446003
24.56,10.82,1.1573492286115008,1.5340369799691833,2.009859747545582,2.3168115942028984,2.5030995792426367,2.6279855072463767,2.8536325385694252,2.6653997194950914,2.313521739130435,1.7588359046283308,1.2972608695652175,1.0384011220196354
24.56,11.82,1.7247966339410938,2.235639445300462,2.842468443197756,2.846159420289855,2.9519495091164094,3.075913043478261,3.297531556802244,3.1311360448807855,2.935463768115942,2.5560028050490886,1.9122028985507247,1.5666900420757364
25.56,-6.18,0.934936886395512,1.2205546995377503,1.7031977559607294,2.104710144927536,2.308443197755961,2.4026521739130433,2.397643758765778,2.2617671809256663,1.917855072463768,1.5295932678821877,1.096695652173913,0.8431136044880785
25.56,-5.18,0.9318653576437587,1.2257627118644068,1.6802805049088358,2.102086956521739,2.2901683029453017,2.367,2.3522861150070127,2.2266619915848525,1.8984927536231884,1.5123842917251051,1.0879710144927537,0.8357223001402525
25.56,-4.18,0.9650070126227208,1.2630662557781203,1.6735764375876578,2.0799565217391307,2.2661290322580645,2.3436666666666666,2.345764375876578,2.210883590462833,1.9073188405797101,1.5040813464235625,1.0891884057971013,0.8676437587657784
25.56,-3.18,0.9499158485273492,1.2415716486902928,1.6761430575035061,2.085086956521739,2.263688639551192,2.346289855072464,2.338485273492286,2.206844319775596,1.9316811594202896,1.5043478260869565,1.1011739130434781,0.8538008415147265
25.56,-2.18,0.9684852734922861,1.2647303543913713,1.6746704067321179,2.075550724637681,2.2513464235624125,2.3630579710144928,2.3607152875175315,2.2286535764375874,1.926865021770682,1.504179523141655,1.109217391304348,0.8614305750350632
25.56,-1.18,0.9900280504908836,1.311371340523883,1.7846844319775597,2.1497681159420288,2.3281767180925668,2.431463768115942,2.424978962131837,2.26890603085554,1.947764876632801,1.5506171107994389,1.143550724637681,0.904446002805049
25.56,-0.18,0.9938849929873773,1.3167642526964562,1.7770967741935484,2.1072028985507245,2.2671107994389903,2.3981884057971015,2.3904488078541375,2.2573071528751756,1.9341944847605226,1.5619635343618514,1.1329130434782608,0.8915568022440392
25.56,0.82,0.9680224403927069,1.25788906009245,1.6893548387096775,2.0369565217391306,2.2033800841514726,2.335768115942029,2.3516830294530155,2.1997054698457226,1.9260289855072463,1.517671809256662,1.1235797101449274,0.8805049088359046
25.56,1.82,1.001570827489481,1.3119876733436056,1.7098457223001402,2.0873478260869565,2.2621739130434784,2.3745217391304347,2.419270687237027,2.2566619915848527,1.947478260869565,1.5484712482468443,1.1367391304347827,0.9128190743338009
25.56,2.82,1.0099719495091164,1.3261171032357473,1.7105750350631137,2.1025797101449273,2.269186535764376,2.383536231884058,2.428892005610098,2.254053295932679,1.9602318840579709,1.549929873772791,1.1379710144927537,0.9176577840112201
25.56,3.82,1.0329172510518934,1.351848998459168,1.7999158485273492,2.1787246376811593,2.358415147265077,2.488971014492754,2.583366058906031,2.3967321178120615,2.038072463768116,1.5996072931276297,1.1742463768115943,0.9348387096774193
25.56,4.82,1.0568443197755961,1.3940677966101696,1.8719354838709679,2.2500434782608694,2.3952314165497897,2.489550724637681,2.6180645161290323,2.427461430575035,2.0646666666666667,1.6400420757363252,1.2036086956521739,0.9552875175315568
25.56,5.82,1.0730434782608695,1.4093528505392912,1.8607152875175317,2.2019275362318838,2.3779663394109396,2.5425072463768115,2.694992987377279,2.5148948106591864,2.1408840579710144,1.661234221598878,1.2109420289855073,0.9676858345021039
25.56,6.82,1.0887938288920056,1.436055469953775,1.9188779803646565,2.255826086956522,2.408541374474053,2.5298985507246377,2.6891164095371667,2.502917251051893,2.144855072463768,1.6755960729312764,1.225695652173913,0.979663394109397
25.56,7.82,1.422131837307153,1.8767180277349769,2.4070406732117813,2.5207246376811594,2.638765778401122,2.805072463768116,3.0064375876577842,2.793702664796634,2.5104347826086957,2.2289200561009817,1.6404347826086958,1.2822159887798037
25.56,8.82,1.3838569424964937,1.834191063174114,2.3491444600280507,2.485144927536232,2.6370266479663393,2.801927536231884,3.0254698457223,2.7862692847124824,2.4643188405797103,2.087952314165498,1.5412898550724639,1.225960729312763
25.56,9.82,1.4680084151472652,1.9497996918335903,2.4547405329593266,2.5191884057971015,2.677798036465638,2.828333333333333,3.046998597475456,2.8143338008415144,2.516797101449275,2.17601683029453,1.6246231884057971,1.2985834502103786
26.56,-8.18,0.9240813464235624,1.2329121725731895,1.7298597475455821,2.137057971014493,2.358849929873773,2.4383913043478262,2.383506311360449,2.2439410939691444,1.9011739130434782,1.4630715287517533,1.0656376811594201,0.822538569424965
26.56,-7.18,0.9019635343618514,1.199815100154083,1.6653295932678824,2.079014492753623,2.284460028050491,2.340811594202899,2.3520336605890604,2.214446002805049,1.8747681159420289,1.456100981767181,1.0614202898550724,0.8143618513323982
26.56,-6.18,0.8857924263674615,1.1776733436055469,1.6634361851332398,2.086231884057971,2.286157082748948,2.3667391304347825,2.3772089761570827,2.231262272089762,1.877840579710145,1.4765638148667601,1.058927536231884,0.8099438990182328
26.56,-5.18,0.8888218793828893,1.1759784283513097,1.6129312762973351,2.0339420289855075,2.2467321178120616,2.331840579710145,2.326998597475456,2.194782608695652,1.8510434782608696,1.4479242636746141,1.0238260869565219,0.8010799438990182
26.56,-4.18,0.9129873772791024,1.203220338983051,1.6211079943899016,2.032449275362319,2.237952314165498,2.339434782608696,2.328569424964937,2.1806030855539973,1.8596086956521738,1.4504347826086958,1.0287246376811594,0.8244740532959327
26.56,-3.18,0.8895652173913043,1.2061633281972264,1.6180084151472651,2.0343333333333335,2.236984572230014,2.3424927536231883,2.344796633941094,2.1848106591865357,1.8891884057971013,1.44929873772791,1.0243188405797101,0.8049929873772792
26.56,-2.18,0.9194810659186536,1.2389830508474577,1.6973211781206172,2.0986666666666665,2.2691304347826087,2.4255072463768115,2.416704067321178,2.240070126227209,1.9138260869565218,1.484249649368864,1.0603623188405797,0.8374193548387098
26.56,-1.18,0.9377980364656381,1.2512480739599383,1.7257082748948107,2.099217391304348,2.2859467040673214,2.4294057971014493,2.45273492286115,2.2536605890603085,1.911072463768116,1.4818092566619916,1.061782608695652,0.8434642356241234
26.56,-0.18,0.9307854137447406,1.2520338983050847,1.6830434782608696,2.0305942028985506,2.20273492286115,2.3673478260869567,2.3942917251051896,2.215007012622721,1.892391304347826,1.4765497896213184,1.0671739130434783,0.8429593267882187
26.56,0.82,0.901711079943899,1.192557781201849,1.632538569424965,1.9873478260869566,2.1735904628330998,2.3383333333333334,2.361725105189341,2.164628330995792,1.8654492753623189,1.4599158485273493,1.0546231884057973,0.8271949509116409
26.56,1.82,0.902468443197756,1.2101540832049307,1.6286395511921459,2.0321739130434784,2.201921458625526,2.345782608695652,2.3906311360448806,2.196732117812062,1.893550724637681,1.4754277699859748,1.058,0.829733520336606
26.56,2.82,0.9433380084151473,1.2448382126348227,1.650967741935484,2.0489130434782608,2.2201683029453014,2.3555217391304346,2.411991584852735,2.213001402524544,1.9018550724637682,1.4828892005610097,1.0739710144927537,0.8571809256661991
26.56,3.82,0.957054698457223,1.261417565485362,1.7169004207573635,2.115057971014493,2.2867040673211783,2.4446666666666665,2.528555399719495,2.3426788218793826,1.9539565217391304,1.515750350631136,1.0880144927536233,0.8639551192145862
26.56,4.82,0.9616970546984573,1.281186440677966,1.7599298737727909,2.136376811594203,2.3022861150070124,2.464434782608696,2.563366058906031,2.366367461430575,1.976246376811594,1.5431276297335204,1.1038115942028985,0.8661290322580645
26.56,5.82,1.310617110799439,1.7672727272727273,2.329312762973352,2.4668115942028983,2.5546984572230014,2.758927536231884,2.8748667601683033,2.686984572230014,2.374695652173913,2.054235624123422,1.4923768115942029,1.1621458625525947
26.56,6.82,1.3432398316970546,1.809121725731895,2.3597615708274895,2.510449275362319,2.6250490883590465,2.7882028985507246,2.923632538569425,2.721767180925666,2.4006666666666665,2.08413744740533,1.5273333333333332,1.1904628330995792
26.56,7.82,0.9787096774193549,1.3182588597842835,1.819326788218794,2.203376811594203,2.377952314165498,2.570927536231884,2.7658485273492284,2.5388078541374477,2.0987246376811592,1.5814446002805047,1.1198985507246377,0.8730575035063114
26.56,8.82,0.9757363253856943,1.3208628659476118,1.8107012622720897,2.177594202898551,2.369368863955119,2.58331884057971,2.7833800841514726,2.5616269284712483,2.1401884057971015,1.5863113604488077,1.1217536231884058,0.8712903225806452
26.56,9.82,0.9808976157082749,1.3263482280431431,1.7965638148667602,2.0998840579710145,2.3127910238429172,2.5162753623188405,2.6967461430575033,2.5242776998597476,2.1267391304347827,1.5939410939691445,1.1328985507246379,0.8790322580645161
27.56,-8.18,0.8851753155680224,1.2024345146379045,1.6802664796633942,2.101594202898551,2.3338569424964937,2.458202898550725,2.442945301542777,2.273786816269285,1.9091159420289854,1.4412482468443197,1.0013333333333332,0.7839130434782609
27.56,-7.18,0.8779102384291726,1.1861171032357471,1.6750490883590463,2.1065072463768115,2.3618934081346423,2.53368115942029,2.4768723702664794,2.3098457223001403,1.9189420289855073,1.453702664796634,1.0156521739130435,0.7797755960729313
27.56,-6.18,0.8495371669004208,1.1516024653312789,1.6315427769985975,2.0571159420289855,2.3199438990182326,2.444594202898551,2.4472791023842917,2.27258064516129,1.8974927536231885,1.4423141654978962,1.0015217391304347,0.7542636746143057
27.56,-5.18,0.8445722300140251,1.1368875192604007,1.62875175315568,2.0305942028985506,2.303646563814867,2.425304347826087,2.450140252454418,2.2734642356241235,1.8939420289855071,1.4428892005610099,0.9914927536231884,0.7579943899018233
27.56,-4.18,0.8514305750350631,1.1543605546995377,1.6297475455820476,2.0348115942028984,2.2892145862552593,2.419782608695652,2.4582608695652173,2.2875035063113605,1.8867681159420289,1.4407012622720898,0.9961304347826088,0.7635203366058906
27.56,-3.18,0.8526086956521739,1.1454237288135594,1.6218793828892006,2.0426956521739132,2.2926647966339413,2.4783623188405794,2.4640252454417952,2.2960448807854137,1.9016666666666668,1.4472370266479664,1.0013913043478262,0.7726507713884992
27.56,-2.18,0.8770687237026649,1.1754545454545455,1.6698457223001402,2.0607971014492756,2.2809957924263675,2.460304347826087,2.5024544179523143,2.312131837307153,1.9157246376811592,1.4518373071528754,1.02368115942029,0.7930154277699859
27.56,-1.18,0.8749929873772792,1.1907858243451463,1.6890462833099578,2.0692028985507247,2.2899579242636747,2.4934492753623188,2.5412903225806454,2.331023842917251,1.9154347826086957,1.4561430575035064,1.0195652173913043,0.8044740532959327
27.56,-0.18,0.8306451612903226,1.1234206471494608,1.5713043478260869,1.9495652173913045,2.1650210378681627,2.361666666666667,2.4383730715287517,2.2555119214586257,1.8669565217391304,1.398835904628331,0.981768115942029,0.7507994389901824
27.56,0.82,0.8387798036465638,1.1306625577812017,1.560490883590463,1.9565072463768116,2.177517531556802,2.349231884057971,2.418232819074334,2.2416690042075738,1.8665312046444122,1.407251051893408,0.9832753623188406,0.7492145862552595
27.56,1.82,0.8638849929873773,1.1645916795069338,1.6008134642356242,1.976623188405797,2.186858345021038,2.381913043478261,2.459396914446003,2.266086956521739,1.8797971014492754,1.430841514726508,1.0033478260869566,0.7716830294530155
27.56,2.82,0.8420897615708275,1.127657935285054,1.5778260869565217,1.9707536231884057,2.1930715287517533,2.3782463768115942,2.4672230014025245,2.2757082748948108,1.8948621190130623,1.4311220196353436,1.0011159420289855,0.7567321178120616
27.56,3.82,0.9969004207573632,1.3547919876733436,1.8367461430575034,2.226376811594203,2.4099579242636744,2.642840579710145,2.752552594670407,2.5495511921458625,2.2398258345428155,1.5977840112201964,1.1505652173913044,0.940687237026648
27.56,4.82,0.8789621318373072,1.167673343605547,1.6153015427769986,1.9828695652173913,2.1928611500701263,2.413608695652174,2.5109396914446003,2.3087237026647967,1.9360289855072463,1.45054698457223,1.0224347826086957,0.7845161290322581
27.56,5.82,0.9074193548387097,1.2215870570107858,1.6647545582047687,2.0103913043478263,2.21398316970547,2.4487246376811593,2.5680364656381487,2.372945301542777,1.9914927536231883,1.4952173913043476,1.0451159420289855,0.8119354838709677
27.56,6.82,0.8887517531556801,1.2031278890600925,1.630967741935484,1.9719710144927538,2.2219495091164094,2.43131884057971,2.5759046283309956,2.3847545582047687,2.001985507246377,1.4890603085553997,1.0427971014492754,0.7964936886395512
27.56,7.82,0.9064796633941095,1.2379969183359014,1.7186956521739132,2.0923333333333334,2.353548387096774,2.56336231884058,2.7321458625525947,2.5438288920056102,2.0968115942028986,1.5379102384291725,1.0642028985507246,0.811304347826087
27.56,8.82,0.8940252454417953,1.217442218798151,1.6677840112201965,2.005376811594203,2.26617110799439,2.5040724637681158,2.6564235624123422,2.474726507713885,2.0542028985507246,1.5279943899018233,1.0538695652173913,0.8063394109396914
27.56,9.82,0.8997615708274894,1.2368412942989215,1.6828330995792424,2.0269710144927533,2.277896213183731,2.5178985507246376,2.6632538569424966,2.50234221598878,2.0753333333333335,1.519985974754558,1.051159420289855,0.809859747545582
28.56,-8.18,0.8055539971949509,1.1058551617873653,1.6005750350631136,2.0210289855072463,2.3072791023842916,2.47268115942029,2.4125946704067323,2.2268723702664794,1.8514202898550725,1.3764656381486675,0.9311014492753624,0.7104908835904629
28.56,-7.18,0.8211781206171108,1.1263944530046224,1.5911079943899018,2.0020434782608696,2.298723702664797,2.463246376811594,2.4405750350631137,2.24617110799439,1.8486666666666665,1.381220196353436,0.9507536231884057,0.7267180925666199
28.56,-6.18,0.8138849929873773,1.1010631741140215,1.559186535764376,1.9901739130434783,2.2745582047685833,2.4283623188405796,2.4246423562412343,2.2472230014025247,1.841,1.3748387096774193,0.930623188405797,0.7164796633941094
28.56,-5.18,0.8161430575035062,1.1159784283513097,1.5931276297335204,2.0045362318840576,2.2806311360448808,2.424014492753623,2.443085553997195,2.2450210378681628,1.8627101449275363,1.3861570827489482,0.9459130434782608,0.7198316970546985
28.56,-4.18,0.7931136044880785,1.0861633281972265,1.5646283309957922,1.9829275362318841,2.2570687237026648,2.4127391304347827,2.4699999999999998,2.252061711079944,1.8573623188405797,1.386984572230014,0.9248695652173913,0.7122720897615709
28.56,-3.18,0.795610098176718,1.0827118644067797,1.5544179523141655,1.9715797101449277,2.2552875175315568,2.3911739130434784,2.452875175315568,2.242875175315568,1.8525507246376811,1.3784712482468444,0.9278550724637682,0.7112201963534363
28.56,-2.18,0.7976157082748949,1.0963636363636362,1.5446563814866758,1.958217391304348,2.209985974754558,2.3725217391304345,2.439509116409537,2.2404488078541376,1.8371594202898551,1.3619495091164096,0.9217826086956521,0.709719495091164
28.56,-1.18,0.7930575035063114,1.0957164869029277,1.5466199158485274,1.9475217391304347,2.2246283309957926,2.404608695652174,2.4735063113604485,2.2600981767180928,1.8448260869565218,1.360210378681627,0.9312898550724639,0.7116830294530154
28.56,-0.18,0.7829312762973353,1.070446841294299,1.512131837307153,1.8885652173913041,2.1310799438990182,2.3377536231884055,2.4327910238429173,2.2413323983169704,1.819608695652174,1.3464796633941094,0.9236376811594202,0.6983029453015428
28.56,0.82,0.7929873772791024,1.0867180277349768,1.5450350631136043,1.9349710144927539,2.1574474053295933,2.3472173913043477,2.4086676016830295,2.210140252454418,1.8188695652173912,1.3668583450210379,0.9355217391304348,0.7028050490883591
28.56,1.82,1.01890603085554,1.35673343605547,1.8808976157082749,2.2002898550724637,2.3992847124824683,2.640376811594203,2.701164095371669,2.51656381486676,2.186347826086956,1.7405189340813465,1.2111014492753622,0.9088078541374475
28.56,2.82,0.9812482468443198,1.3197072419106317,1.8470266479663395,2.2170434782608694,2.4241514726507716,2.6724347826086956,2.716507713884993,2.5032398316970546,2.162801161103048,1.6753576437587658,1.1756811594202898,0.878429172510519
28.56,3.82,0.8145862552594669,1.1248228043143298,1.577938288920056,1.9803188405797103,2.1780504908835905,2.424,2.511907433380084,2.2805890603085555,1.871855072463768,1.3967461430575034,0.9615217391304348,0.7239270687237026
28.56,4.82,0.8202384291725106,1.1364406779661016,1.5983309957924263,2.0007536231884058,2.201304347826087,2.437391304347826,2.5559467040673214,2.33711079943899,1.9289710144927537,1.423015427769986,0.9772173913043478,0.7338288920056102
28.56,5.82,0.8422720897615708,1.1481972265023113,1.5912061711079943,1.9627101449275361,2.190827489481066,2.4507391304347825,2.590841514726508,2.378821879382889,1.956927536231884,1.4381767180925666,0.9902753623188405,0.7532258064516129
28.56,6.82,0.8213604488078541,1.1199075500770417,1.5555539971949508,1.949695652173913,2.148022440392707,2.39368115942029,2.5545301542777,2.329354838709677,1.9378115942028984,1.42015427769986,0.9732463768115942,0.7402244039270687
28.56,7.82,0.8316690042075736,1.1369183359013868,1.5612762973352035,1.9668115942028985,2.2105049088359046,2.444231884057971,2.59617110799439,2.3820196353436187,1.9698115942028986,1.43617110799439,0.9678260869565217,0.7392706872370267
28.56,8.82,0.8300280504908835,1.148859784283513,1.5799158485273492,1.9439565217391304,2.2115988779803644,2.449130434782609,2.6264796633941097,2.411107994389902,1.9954492753623188,1.441037868162693,0.9654782608695651,0.7371528751753156
28.56,9.82,0.839523141654979,1.1620493066255777,1.6108976157082748,1.992478260869565,2.2494109396914443,2.4824202898550722,2.65969144460028,2.43945301542777,2.026463768115942,1.4583590462833098,0.9832898550724638,0.7457924263674615
29.56,-8.18,0.8017952314165497,1.1223728813559322,1.6574754558204767,2.1242753623188406,2.4415147265077137,2.684231884057971,2.5648527349228614,2.3344460028050493,1.9376521739130435,1.4026367461430576,0.9247536231884058,0.7006451612903226
29.56,-7.18,0.7776157082748949,1.0952080123266563,1.607461430575035,2.055710144927536,2.352103786816269,2.573434782608696,2.4559326788218794,2.2387798036465636,1.856072463768116,1.3567461430575036,0.9039710144927536,0.689382889200561
29.56,-6.18,0.7765217391304348,1.089291217257319,1.5970687237026648,2.033623188405797,2.3109256661991586,2.5124347826086955,2.4199859747545585,2.2110659186535764,1.8337246376811593,1.3545582047685834,0.8943333333333334,0.6868022440392707
29.56,-5.18,0.7904347826086957,1.0982588597842835,1.6070827489481065,2.0436666666666667,2.342594670406732,2.531449275362319,2.4611079943899017,2.2519495091164097,1.850463768115942,1.3700280504908837,0.9033043478260869,0.7035063113604488
29.56,-4.18,0.7680645161290323,1.0832203389830508,1.5867321178120617,2.015913043478261,2.3213323983169705,2.5021304347826088,2.494109396914446,2.2520336605890603,1.8386811594202899,1.3588779803646565,0.8920289855072464,0.6823281907433381
29.56,-3.18,0.787741935483871,1.110677966101695,1.601865357643759,2.0311014492753623,2.3243057503506313,2.517434782608696,2.492272089761571,2.2617952314165497,1.840159420289855,1.3586255259467042,0.913623188405797,0.7019635343618513
29.56,-2.18,0.7764656381486676,1.083713405238829,1.5712622720897615,1.9907536231884055,2.2848667601683026,2.4708695652173915,2.51741935483871,2.2910518934081345,1.8284637681159421,1.3575596072931277,0.8992898550724637,0.6894670406732117
29.56,-1.18,0.773352033660589,1.0733898305084746,1.5374894810659188,1.9656666666666667,2.2677419354838713,2.4544492753623186,2.5128330995792427,2.2905890603085557,1.847159420289855,1.3560589060308554,0.9026376811594203,0.6898457223001403
29.56,-0.18,0.7620056100981767,1.0634360554699538,1.517321178120617,1.9189855072463766,2.2132538569424964,2.419057971014493,2.5331837307152876,2.306914446002805,1.832623188405797,1.3473492286115007,0.8920289855072464,0.6782608695652175
29.56,0.82,0.7496914446002805,1.0543913713405237,1.5001963534361853,1.9143913043478262,2.1971949509116406,2.409826086956522,2.4926227208976157,2.2649228611500702,1.8209710144927536,1.3362412342215988,0.8795797101449275,0.6628330995792426
29.56,1.82,0.7646143057503506,1.067673343605547,1.511514726507714,1.9268405797101449,2.1741234221598877,2.420623188405797,2.4978541374474053,2.2782328190743337,1.8176666666666668,1.34875175315568,0.8973043478260869,0.6770967741935484
29.56,2.82,0.7636185133239832,1.0717411402157164,1.53179523141655,1.942173913043478,2.1879382889200563,2.4314057971014496,2.4822720897615707,2.2646984572230013,1.8155072463768116,1.3532117812061712,0.9040289855072463,0.6752173913043479
29.56,3.82,0.7575035063113604,1.067211093990755,1.5023141654978964,1.9094927536231883,2.146493688639551,2.416217391304348,2.501037868162693,2.261009817671809,1.8274057971014495,1.3457643758765778,0.9013478260869564,0.6717251051893408
29.56,4.82,0.7560729312762974,1.060446841294299,1.4965497896213182,1.9228695652173913,2.16875175315568,2.4494927536231885,2.5685834502103786,2.3335764375876575,1.8602898550724636,1.3563113604488077,0.9082608695652175,0.6746143057503506
29.56,5.82,0.7731276297335203,1.085069337442219,1.5399438990182328,1.9705797101449276,2.1928471248246844,2.4975217391304345,2.693786816269285,2.4208976157082747,1.8921449275362319,1.3755539971949509,0.9272463768115942,0.6942917251051893
29.56,6.82,0.7479102384291725,1.050493066255778,1.485063113604488,1.8871884057971016,2.1403786816269283,2.4125942028985508,2.56835904628331,2.371304347826087,1.8773478260869563,1.3512762973352035,0.8941014492753623,0.6712762973352033
29.56,7.82,0.7620196353436186,1.0522804314329737,1.471991584852735,1.8681159420289855,2.133576437587658,2.3838840579710148,2.563955119214586,2.3533239831697057,1.8916521739130434,1.361921458625526,0.9026521739130435,0.6784291725105189
29.56,8.82,0.7649509116409536,1.079275808936826,1.5076157082748949,1.8888695652173912,2.163576437587658,2.430869565217391,2.5732538569424963,2.3340673211781207,1.8968695652173913,1.3661150070126227,0.903913043478261,0.6807573632538569
29.56,9.82,0.7725946704067321,1.0980431432973805,1.522468443197756,1.891855072463768,2.1644319775596075,2.4428115942028983,2.5915988779803647,2.3407713884992987,1.9007101449275363,1.3706311360448808,0.9045507246376812,0.6831837307152875
30.56,-5.18,0.7397335203366058,1.0630816640986134,1.5883309957924263,2.0461594202898548,2.3487517531556805,2.5894202898550724,2.5344880785413744,2.2886676016830294,1.8579275362318841,1.3377559607293128,0.866304347826087,0.6507573632538569
30.56,-4.18,0.7381206171107993,1.0605546995377504,1.5695511921458625,2.013666666666667,2.3100841514726507,2.5612173913043477,2.524403927068724,2.273576437587658,1.820521739130435,1.3302384291725107,0.8574057971014493,0.6514305750350632
30.56,-3.18,0.7452033660589061,1.0633744221879815,1.5738709677419356,2.007028985507246,2.3163394109396913,2.5539565217391305,2.5271388499298735,2.2840673211781204,1.8241884057971016,1.3331977559607293,0.8637971014492754,0.655960729312763
30.56,-2.18,0.739593267882188,1.0652234206471496,1.5562833099579245,2.00731884057971,2.294403927068724,2.533376811594203,2.539438990182328,2.2938429172510517,1.8040144927536232,1.3311921458625526,0.8642318840579711,0.6518092566619916
30.56,-1.18,0.7353295932678822,1.062557781201849,1.5567461430575036,2.004391304347826,2.3183309957924263,2.533971014492754,2.5786676016830294,2.3250350631136043,1.8379855072463769,1.3389481065918654,0.8674927536231885,0.6541234221598877
30.56,-0.18,0.7324544179523141,1.0639137134052388,1.537601683029453,1.9769130434782607,2.298148667601683,2.5681884057971014,2.594179523141655,2.353141654978962,1.827913043478261,1.347180925666199,0.873304347826087,0.6520897615708274
30.56,0.82,0.7421458625525946,1.0704160246533128,1.5506171107994389,1.9741884057971015,2.286213183730715,2.586478260869565,2.6031977559607293,2.346227208976157,1.8335072463768114,1.3489340813464235,0.881840579710145,0.6668723702664797
30.56,1.82,0.7222440392706873,1.053050847457627,1.496914446002805,1.9245072463768118,2.246044880785414,2.537,2.6095371669004206,2.3442917251051894,1.834376811594203,1.3293688639551193,0.8577246376811595,0.6463814866760168
30.56,2.82,0.7116970546984572,1.0326502311248076,1.4755960729312763,1.9101739130434783,2.2107152875175315,2.4831159420289852,2.552454417952314,2.295736325385694,1.824304347826087,1.320476858345021,0.8469130434782609,0.6326086956521739
30.56,3.82,0.6982468443197756,1.0038212634822805,1.4104488078541375,1.8417246376811593,2.107545582047686,2.3907246376811595,2.486479663394109,2.2170687237026647,1.784289855072464,1.281178120617111,0.8281739130434783,0.6194249649368864
30.56,4.82,0.7135483870967742,1.0255007704160246,1.441781206171108,1.8533478260869565,2.112833099579243,2.4447971014492755,2.6073772791023844,2.279915848527349,1.7862753623188405,1.2930995792426367,0.8436376811594203,0.6325806451612903
30.56,5.82,0.6923562412342216,1.0055469953775038,1.4222300140252453,1.808608695652174,2.0812903225806454,2.3992608695652176,2.5428892005610098,2.2763394109396913,1.786304347826087,1.279929873772791,0.8327391304347826,0.6154978962131837
30.56,6.82,0.7046283309957924,1.013482280431433,1.4265217391304348,1.8368985507246378,2.099242636746143,2.403130434782609,2.555287517531557,2.295525946704067,1.783072463768116,1.2855820476858346,0.8255942028985507,0.6195932678821879
30.56,7.82,0.6883029453015428,0.9966872110939908,1.4107713884992987,1.8040434782608694,2.094179523141655,2.3935942028985506,2.520561009817672,2.3035483870967743,1.8278840579710145,1.2924964936886394,0.8302898550724638,0.6109677419354839
30.56,8.82,0.6874053295932678,0.9840986132511556,1.4175035063113604,1.7899999999999998,2.1127629733520337,2.400086956521739,2.514277699859748,2.2971809256661992,1.8385942028985505,1.3092987377279102,0.8293623188405796,0.6074894810659186
30.56,9.82,0.7060448807854138,1.0059322033898306,1.4380504908835903,1.7963188405797101,2.1114165497896216,2.3909420289855072,2.5458765778401125,2.3254417952314164,1.8445217391304347,1.3040953716690042,0.8387971014492753,0.6204908835904629
31.56,-3.18,0.6905189340813463,1.0004930662557783,1.5057082748948105,1.96868115942029,2.2951192145862556,2.5719420289855073,2.533618513323983,2.269579242636746,1.7807971014492754,1.2944740532959327,0.8111594202898551,0.6075455820476858
31.56,-2.18,0.674656381486676,0.9877041602465331,1.4670266479663394,1.9147246376811595,2.2436185133239834,2.4910579710144924,2.511458625525947,2.25617110799439,1.7477971014492755,1.2692005610098178,0.7958550724637681,0.5944319775596073
31.56,-1.18,0.6819495091164096,1.0072573189522342,1.4992286115007014,1.9522028985507247,2.281837307152875,2.5266086956521736,2.5434782608695654,2.2824263674614302,1.7591739130434783,1.2899719495091164,0.8118985507246377,0.5985834502103787
31.56,-0.18,0.6675876577840112,0.9897072419106319,1.4594109396914445,1.9004927536231884,2.240883590462833,2.4773043478260868,2.539761570827489,2.274782608695652,1.7507536231884058,1.2639270687237025,0.8011304347826087,0.5886395511921458
31.56,0.82,0.6760589060308555,1.000215716486903,1.466577840112202,1.8988260869565219,2.233141654978962,2.5369710144927535,2.5761150070126226,2.304389901823282,1.7654057971014494,1.2812622720897615,0.8102463768115943,0.6030995792426367
31.56,1.82,0.6802524544179522,0.9967796610169491,1.4593548387096773,1.8758115942028986,2.216970546984572,2.539565217391304,2.6103366058906032,2.3353997194950913,1.7839710144927536,1.287587657784011,0.8113913043478261,0.6041795231416549
31.56,2.82,0.6536044880785413,0.9647457627118644,1.4244740532959326,1.8493768115942029,2.1815427769985973,2.459304347826087,2.5668302945301544,2.2884572230014024,1.7775072463768116,1.2651192145862553,0.7926811594202899,0.579859747545582
31.56,3.82,0.6482468443197755,0.9390292758089368,1.3714305750350633,1.7838985507246379,2.088499298737728,2.3669565217391306,2.4737307152875174,2.2009817671809255,1.736536231884058,1.2303927068723703,0.7748115942028986,0.5696072931276297
31.56,4.82,0.6475455820476859,0.9413251155624036,1.3638709677419356,1.7835362318840582,2.0731837307152876,2.386536231884058,2.480771388499299,2.20109396914446,1.7183043478260869,1.2229593267882188,0.7704927536231884,0.5729593267882188
31.56,5.82,0.6227349228611501,0.919768875192604,1.3256381486676017,1.7238115942028986,2.0193267882187937,2.3096086956521735,2.4344039270687237,2.1778962131837307,1.720536231884058,1.2047124824684432,0.7555507246376812,0.5470266479663394
31.56,6.82,0.6213604488078541,0.9152080123266564,1.321570827489481,1.717304347826087,2.02015427769986,2.301014492753623,2.4159747545582047,2.1597194950911645,1.7201014492753621,1.2013323983169706,0.7563623188405797,0.5431416549789622
31.56,7.82,0.6299438990182328,0.9240832049306625,1.335217391304348,1.7326376811594202,2.0472510518934084,2.3624492753623185,2.4998316970546988,2.2428611500701265,1.755536231884058,1.2265778401122018,0.7687826086956522,0.5548527349228611
31.56,8.82,0.6253576437587658,0.9167950693374423,1.3493267882187938,1.708478260869565,2.0473772791023843,2.369333333333333,2.494179523141655,2.25,1.7766086956521738,1.2465638148667602,0.7667391304347826,0.5521037868162693
32.56,-2.18,0.6340813464235624,0.9477966101694916,1.4418092566619916,1.894391304347826,2.269228611500701,2.5868405797101452,2.5748246844319773,2.3011500701262273,1.7649710144927535,1.2497475455820477,0.7614202898550725,0.5568443197755961
32.56,-1.18,0.6303786816269284,0.9514329738058552,1.4439410939691444,1.9095942028985506,2.272131837307153,2.5718985507246375,2.5735343618513324,2.3082468443197754,1.7633188405797102,1.2562692847124826,0.765768115942029,0.5554277699859748
32.56,-0.18,0.6301542776998598,0.9504930662557781,1.4340112201963535,1.8909855072463768,2.2473492286115007,2.5434347826086956,2.5681346423562412,2.2905329593267885,1.743376811594203,1.2470687237026647,0.7610869565217391,0.5507573632538569
32.56,0.82,0.6169985974754558,0.9350693374422189,1.413702664796634,1.873231884057971,2.2127769985974757,2.5121159420289856,2.5573352033660592,2.282117812061711,1.7335942028985507,1.2272791023842917,0.7484347826086956,0.5420617110799439
32.56,1.82,0.6147826086956522,0.9363790446841295,1.4116830294530154,1.8417536231884057,2.1919354838709677,2.513376811594203,2.555399719495091,2.2740813464235625,1.7264927536231884,1.2228471248246844,0.7534347826086957,0.5426788218793829
32.56,2.82,0.614249649368864,0.924637904468413,1.3989901823281907,1.839623188405797,2.1797755960729313,2.4826376811594204,2.5321739130434784,2.2681065918653576,1.7269855072463767,1.2189481065918655,0.7520579710144927,0.5395371669004208
32.56,3.82,0.5966058906030856,0.8982588597842835,1.349186535764376,1.7854202898550726,2.11164095371669,2.3848985507246376,2.4551051893408133,2.1868162692847126,1.6936086956521739,1.1922440392706872,0.734159420289855,0.5251753155680224
32.56,4.82,0.6023562412342216,0.8973959938366718,1.348990182328191,1.7801449275362318,2.0816549789621317,2.3662318840579712,2.4573352033660587,2.159523141654979,1.6955797101449277,1.1790743338008414,0.7338840579710145,0.533015427769986
32.56,5.82,0.5848387096774194,0.8750385208012327,1.2908976157082748,1.692304347826087,1.997124824684432,2.268159420289855,2.3518934081346425,2.0770827489481065,1.6441739130434783,1.13562412342216,0.7122463768115942,0.5146002805049089
32.56,6.82,0.5923422159887798,0.8846224961479199,1.3006311360448808,1.7126376811594204,1.9994109396914446,2.272072463768116,2.362720897615708,2.094782608695652,1.6561739130434783,1.1482468443197758,0.72,0.5190322580645161
32.56,7.82,0.5888920056100981,0.8642372881355932,1.2858485273492286,1.693623188405797,1.9876437587657785,2.3202463768115944,2.4253155680224405,2.1188218793828892,1.6757246376811594,1.155680224403927,0.7196666666666667,0.5160869565217392
32.56,8.82,0.5831977559607293,0.8591833590138676,1.2794810659186535,1.674768115942029,2.0183169705469846,2.400478260869565,2.516774193548387,2.2214586255259468,1.7094782608695651,1.1794950911640953,0.7135942028985507,0.5088920056100982
33.56,-2.18,0.5837026647966339,0.8906471494607088,1.371907433380084,1.8197826086956523,2.197461430575035,2.563652173913044,2.568639551192146,2.281907433380084,1.7277246376811595,1.1963253856942497,0.7125652173913044,0.510883590462833
33.56,-1.18,0.5769284712482469,0.8785053929121726,1.36234221598878,1.815536231884058,2.18687237026648,2.5419565217391304,2.556647966339411,2.274866760168303,1.7124927536231882,1.1913323983169706,0.7095942028985507,0.5012622720897615
33.56,-0.18,0.568976157082749,0.8723728813559322,1.3455119214586255,1.7997536231884057,2.165694249649369,2.5065072463768114,2.538415147265077,2.259677419354839,1.6997391304347824,1.1883169705469845,0.699536231884058,0.49471248246844324
33.56,0.82,0.5624824684431978,0.8678120184899847,1.3437727910238428,1.8022173913043478,2.1758625525946704,2.5154202898550726,2.5491444600280504,2.2530995792426367,1.6919565217391306,1.186577840112202,0.698231884057971,0.4922440392706873
33.56,1.82,0.5633380084151473,0.8706471494607088,1.3416129032258066,1.7874202898550724,2.1564656381486675,2.4910579710144924,2.5535904628330997,2.246676016830295,1.6907681159420291,1.1853997194950912,0.7030144927536232,0.49301542776998597
33.56,2.82,0.5668583450210379,0.8669337442218797,1.3350350631136045,1.7735507246376812,2.141079943899018,2.4663333333333335,2.525063113604488,2.2313464235624125,1.6711014492753622,1.1740813464235624,0.7018550724637681,0.4949929873772791
33.56,3.82,0.5492005610098176,0.8488906009244992,1.2969985974754559,1.7365217391304348,2.0838569424964937,2.3844202898550724,2.473309957924264,2.177180925666199,1.641608695652174,1.1493969144460028,0.6900000000000001,0.4855960729312763
33.56,4.82,0.556914446002805,0.8564714946070878,1.292805049088359,1.7288115942028983,2.0589200561009817,2.3684927536231886,2.453646563814867,2.1494670406732115,1.6429565217391306,1.135063113604488,0.688463768115942,0.4901963534361851
33.56,5.82,0.5312061711079944,0.8113097072419105,1.223015427769986,1.635768115942029,1.9560028050490883,2.2386086956521742,2.342230014025245,2.047868162692847,1.576376811594203,1.0788359046283311,0.6586521739130435,0.4655119214586256
33.56,6.82,0.5338148667601683,0.8161325115562403,1.2268863955119214,1.6376666666666666,1.9531837307152873,2.2342753623188405,2.3482608695652174,2.0548246844319773,1.5864782608695653,1.0840953716690043,0.6624202898550725,0.4649929873772791
33.56,7.82,0.5265918653576437,0.807211093990755,1.2084992987377279,1.6133043478260871,1.9351332398316972,2.2434202898550724,2.348625525946704,2.060967741935484,1.5926376811594205,1.0836044880785414,0.6559855072463768,0.46032258064516124
34.56,-2.18,0.4903225806451613,0.7626348228043143,1.2129312762973352,1.6370289855072464,2.037826086956522,2.419304347826087,2.480981767180926,2.1807854137447404,1.6087391304347827,1.076844319775596,0.6116956521739131,0.42816269284712477
34.56,-1.18,0.49546984572230013,0.7682896764252697,1.2334502103786817,1.6711449275362318,2.073015427769986,2.457043478260869,2.528148667601683,2.222328190743338,1.6487391304347825,1.1106591865357645,0.6229565217391304,0.43231416549789625
34.56,-0.18,0.4957082748948107,0.7742681047765794,1.2331136044880786,1.6655072463768117,2.058990182328191,2.449608695652174,2.511234221598878,2.212426367461431,1.63936231884058,1.1191164095371668,0.6236231884057971,0.43012622720897614
34.56,0.82,0.48935483870967744,0.7706163328197226,1.2315287517531557,1.6762028985507245,2.0655960729312763,2.4555942028985505,2.51328190743338,2.22109396914446,1.639623188405797,1.1231837307152877,0.6244057971014493,0.42176718092566623
34.56,1.82,0.49025245441795234,0.7711248073959938,1.2381206171107995,1.6776376811594202,2.071725105189341,2.463855072463768,2.5261991584852734,2.2218793828892007,1.6241159420289857,1.1218793828892006,0.6255652173913043,0.4240532959326789
34.56,2.82,0.4922300140252454,0.77231124807396,1.2437727910238427,1.6860144927536231,2.089943899018233,2.474521739130435,2.528302945301543,2.216493688639551,1.6273333333333333,1.1231136044880785,0.6307391304347826,0.4292987377279102
34.56,3.82,0.4944319775596073,0.7777041602465331,1.2462973352033662,1.6913478260869566,2.0737307152875175,2.4515072463768117,2.517980364656381,2.1964375876577837,1.6182753623188404,1.115007012622721,0.6345217391304347,0.4322440392706872
34.56,4.82,0.4975876577840112,0.7842835130970724,1.2404207573632537,1.6907826086956523,2.0705610098176717,2.4359855072463765,2.5218092566619914,2.190799438990182,1.6154927536231884,1.1027208976157084,0.6346376811594202,0.43527349228611506
34.56,5.82,0.49042075736325386,0.7714637904468413,1.2087377279102385,1.6368695652173915,2.00531556802244,2.365623188405797,2.476030855539972,2.145007012622721,1.570521739130435,1.0691444600280504,0.6212463768115942,0.4261991584852735
34.56,6.82,0.4830294530154277,0.7603081664098613,1.1935904628330996,1.6213333333333333,1.9750210378681627,2.3432753623188405,2.456283309957924,2.127279102384292,1.5654782608695652,1.0626367461430575,0.6170434782608696,0.4186255259467041
34.56,7.82,0.4884572230014025,0.7701848998459169,1.2028190743338008,1.6399855072463767,1.9965638148667602,2.3898840579710146,2.5133660589060307,2.168807854137447,1.590231884057971,1.073366058906031,0.6242463768115942,0.4247124824684432
35.56,-2.18,0.4225946704067321,0.666949152542373,1.0759607293127629,1.4612608695652174,1.8360028050490882,2.169840579710145,2.1959046283309958,1.9271669004207572,1.431550724637681,0.9512201963534362,0.5367101449275362,0.3673913043478261
35.56,-1.18,0.42190743338008413,0.6747149460708782,1.094305750350631,1.5044202898550725,1.8759747545582046,2.2215362318840577,2.2542636746143057,1.9839551192145861,1.4646521739130436,0.9703927068723702,0.5368550724637682,0.3669144460028051
35.56,-0.18,0.4208555399719495,0.6678274268104777,1.0861290322580646,1.4848985507246375,1.866998597475456,2.2330434782608695,2.292384291725105,2.0140673211781204,1.4566666666666668,0.9785694249649369,0.5313623188405797,0.3649228611500701
35.56,0.82,0.41676016830294527,0.6656394453004623,1.0889200561009817,1.4954202898550724,1.8912903225806452,2.2875942028985508,2.3603225806451613,2.062328190743338,1.4868115942028988,0.9968162692847125,0.5332173913043479,0.3596633941093969
35.56,1.82,0.41489481065918654,0.6621417565485362,1.0911781206171107,1.5060289855072464,1.9025666199158484,2.319434782608696,2.3894670406732117,2.0820336605890604,1.495231884057971,1.0062272089761573,0.5389565217391304,0.3587938288920056
35.56,2.82,0.4370126227208976,0.6976887519260401,1.1408695652173915,1.5765072463768115,1.9702384291725106,2.39163768115942,2.476451612903226,2.162103786816269,1.548521739130435,1.044866760168303,0.5670579710144927,0.3798176718092567
35.56,3.82,0.43488078541374475,0.6981510015408321,1.142538569424965,1.5731014492753623,1.9647405329593266,2.3596521739130436,2.4628751753155678,2.139719495091164,1.5375652173913044,1.0400981767180926,0.5666666666666667,0.3798176718092567
35.56,4.82,0.43513323983169705,0.6925269645608628,1.1392566619915847,1.5752463768115943,1.9669565217391305,2.357521739130435,2.4642636746143056,2.1321598877980366,1.5312753623188404,1.029789621318373,0.5640289855072463,0.3758765778401122
35.56,5.82,0.42677419354838714,0.6858243451463791,1.1188499298737729,1.5502318840579712,1.931711079943899,2.3452028985507245,2.4740813464235623,2.1275876577840114,1.5224347826086957,1.0156942496493688,0.5573478260869565,0.36914446002805046
35.56,6.82,0.41704067321178123,0.670477657935285,1.0863674614305752,1.5034782608695654,1.8694810659186536,2.2777971014492753,2.401669004207574,2.0543057503506312,1.4673043478260868,0.989859747545582,0.5457246376811594,0.3620476858345021
35.56,7.82,0.41074333800841517,0.6633590138674884,1.0730575035063115,1.5041014492753622,1.8651051893408135,2.288927536231884,2.410729312762973,2.056858345021038,1.4751159420289857,0.9841234221598877,0.5484782608695652,0.35861150070126224
35.56,8.82,0.4045161290322581,0.6471494607087828,1.0512903225806451,1.469768115942029,1.8444179523141655,2.2609999999999997,2.380196353436185,2.041304347826087,1.4626231884057972,0.9673492286115007,0.5388840579710145,0.3506311360448808
36.56,-0.18,0.393969144460028,0.6444375963020031,1.0561570827489482,1.485,1.8738148667601682,2.2112608695652174,2.2657924263674616,1.9819354838709675,1.4442898550724637,0.9414446002805049,0.5094057971014493,0.33892005610098175
36.56,0.82,0.37740532959326784,0.6173497688751927,1.0290603085553998,1.437072463768116,1.8251051893408134,2.157927536231884,2.2054978962131835,1.9306311360448807,1.400072463768116,0.9171809256661992,0.4865217391304348,0.32343618513323985
36.56,1.82,0.3696633941093969,0.604884437596302,1.0121458625525945,1.413913043478261,1.7919495091164097,2.1520434782608695,2.2085553997194953,1.9157082748948109,1.3780144927536233,0.9098877980364657,0.47682608695652173,0.31868162692847124
36.56,2.82,0.365890603085554,0.597211093990755,1.0018513323983171,1.4091014492753622,1.7869565217391303,2.2065797101449274,2.297685834502104,1.9877840112201963,1.4099710144927535,0.9234361851332398,0.4771884057971014,0.3179663394109397
36.56,3.82,0.361304347826087,0.5928505392912172,0.9938429172510519,1.403449275362319,1.7783309957924265,2.230536231884058,2.3314165497896213,2.0069565217391303,1.4128260869565217,0.9218373071528752,0.47653623188405797,0.3149228611500701
36.56,4.82,0.35835904628330995,0.5873651771956857,0.9916830294530155,1.4009855072463768,1.7895511921458627,2.2485942028985506,2.3672931276297335,2.0246423562412343,1.4094057971014493,0.9237307152875175,0.47608695652173916,0.31360448807854135
36.56,5.82,0.3572791023842917,0.5861016949152542,0.9893267882187938,1.401217391304348,1.7921318373071529,2.2286811594202898,2.3505329593267885,2.010266479663394,1.4052898550724637,0.9187517531556803,0.47444927536231885,0.3113464235624124
36.56,6.82,0.35136044880785416,0.5790138674884437,0.9782468443197756,1.3884347826086956,1.7770827489481065,2.217463768115942,2.342412342215989,1.9976577840112202,1.3887391304347827,0.9098176718092568,0.47186956521739126,0.30684431977559606
36.56,7.82,0.3439831697054698,0.5731741140215717,0.9679943899018232,1.3765942028985507,1.7554277699859746,2.200072463768116,2.343239831697055,1.9910518934081345,1.375463768115942,0.8964936886395513,0.4712173913043478,0.30249649368863957
36.56,8.82,0.34079943899018234,0.5685824345146379,0.9573632538569425,1.366695652173913,1.758639551192146,2.2032028985507246,2.3554277699859747,1.9966619915848527,1.375,0.8906872370266479,0.46915942028985513,0.29872370266479664
37.56,5.82,0.33119214586255263,0.5656086286594761,0.983632538569425,1.3967971014492753,1.7759747545582047,2.193695652173913,2.3006732117812065,1.9712762973352034,1.3775942028985506,0.8806171107994389,0.4430289855072464,0.28900420757363254
37.56,6.82,0.32042075736325387,0.549291217257319,0.9575876577840112,1.3678695652173913,1.7573492286115007,2.14831884057971,2.2481206171107995,1.9149789621318372,1.333391304347826,0.8561290322580645,0.42873913043478257,0.2797615708274895
37.56,7.82,0.3153295932678822,0.5462557781201849,0.9471528751753157,1.3595652173913044,1.7394109396914446,2.1388115942028985,2.240266479663394,1.9002945301542777,1.3263623188405798,0.8505610098176719,0.43091304347826087,0.27687237026647965
